Workbook

Sheet 說明
B2: 步驟 | C2: 說明
B3: 0 | C3: 舞台燈配置位子請參考下列表格
B4: 1 | C4: 複製“空白模板”，並且更名為：編舞者-表演名稱 (總長不能超過20個字，超過請簡短)
B5: 2 | C5: 找可以看音樂播放時間millisecond(ms)等級的軟體
B6: 3 | C6: 按照需要切換燈光效果的時間點填入“切換時間”
B7: 4 | C7: 視需求填入淡入淡出時長(淡入淡出時間會安排在”切換時間“後，加總時間長度請勿超過下次切換時間間隔長度)
B8: 5 | C8: 選擇亮度、顏色、效果與速度(注意：如果效果選七彩XX，則亮度&顏色會被忽略，如果效果選“無”則不會參考效果速度。染色燈最好都選100%亮度才不會有色差)
B10: 編號 | C10: 項目 | D10: 型號 | E10: 數量 | F10: 架設位置 | G10: 備註 | H10: 實體照片
B11: 1 | C11: RGB染色燈 | D11: LSPA60RC | E11: 6盞 | F11: 背板TRUSS上 | G11: 紅色比綠跟藍暗很多
B25: 2 | C25: RGBW面光燈 | D25: ER-544 | E25: 2盞 | F25: 左台前與右台前向外延伸45度

Sheet (勿動)下拉選單
A1: 編號 | B1: 亮度選擇(%) | C1: 速度選擇(%) | D1: 效果選擇 | E1: 60RC value | F1: EN554 value | G1: 顏色選擇 | H1: 60RC Red | I1: 60RC Green | J1: 60RC Blue | K1: ER554 Red | L1: ER554 Green | M1: ER554 Blue | N1: ER554 White
A2: 1 | B2: 0 | C2: 0 | D2: 無 | G2: 黑 | H2: 0 | I2: 0 | J2: 0 | K2: 0 | L2: 0 | M2: 0 | N2: 0
A3: 2 | B3: 25 | C3: 10 | D3: 頻閃 | G3: 冷白 | H3: 255 | I3: 197 | J3: 189 | K3: 0 | L3: 0 | M3: 51 | N3: 255
A4: 3 | B4: 50 | C4: 20 | D4: 七彩跳變 | E4: 86 | F4: 125 | G4: 白 | H4: 255 | I4: 180 | J4: 160 | K4: 0 | L4: 0 | M4: 0 | N4: 255
A5: 4 | B5: 75 | C5: 30 | D5: 七彩漸變 | E5: 137 | F5: 175 | G5: 暖白 | H5: 255 | I5: 167 | J5: 145 | K5: 81 | L5: 19 | M5: 0 | N5: 255
A6: 5 | B6: 100 | C6: 40 | D6: 七彩自走 | E6: 187 | F6: 225 | G6: 膚色 | H6: 255 | I6: 149 | J6: 119 | K6: 255 | L6: 139 | M6: 37 | N6: 255
A7: 6 | C7: 50 | G7: 粉紅 | H7: 110 | I7: 0 | J7: 110 | K7: 255 | L7: 31 | M7: 54 | N7: 0
A8: 7 | C8: 60 | G8: 紅 | H8: 255 | I8: 0 | J8: 0 | K8: 255 | L8: 0 | M8: 0 | N8: 0
A9: 8 | C9: 70 | G9: 橘紅 | H9: 255 | I9: 105 | J9: 12 | K9: 255 | L9: 52 | M9: 0 | N9: 0
A10: 9 | C10: 80 | G10: 橘 | H10: 255 | I10: 117 | J10: 51 | K10: 255 | L10: 56 | M10: 0 | N10: 0
A11: 10 | C11: 90 | G11: 橘黃 | H11: 154 | I11: 154 | J11: 0 | K11: 255 | L11: 111 | M11: 0 | N11: 0
A12: 11 | C12: 100 | G12: 黃 | H12: 255 | I12: 173 | J12: 51 | K12: 255 | L12: 142 | M12: 0 | N12: 32
A13: 12 | G13: 黃綠 | H13: 255 | I13: 141 | J13: 0 | K13: 255 | L13: 255 | M13: 0 | N13: 0
A14: 13 | G14: 綠 | H14: 0 | I14: 255 | J14: 0 | K14: 0 | L14: 255 | M14: 0 | N14: 0
A15: 14 | G15: 青綠 | H15: 153 | I15: 255 | J15: 153 | K15: 72 | L15: 255 | M15: 25 | N15: 84
A16: 15 | G16: 淺綠 | H16: 102 | I16: 255 | J16: 102 | K16: 0 | L16: 255 | M16: 0 | N16: 180
A17: 16 | G17: 藍 | H17: 0 | I17: 0 | J17: 255 | K17: 0 | L17: 0 | M17: 255 | N17: 0
A18: 17 | G18: 水藍 | H18: 0 | I18: 255 | J18: 255 | K18: 0 | L18: 162 | M18: 255 | N18: 0
A19: 18 | G19: 天藍 | H19: 153 | I19: 255 | J19: 255 | K19: 0 | L19: 255 | M19: 255 | N19: 0
A20: 19 | G20: 淡藍 | H20: 102 | I20: 255 | J20: 255 | K20: 0 | L20: 255 | M20: 255 | N20: 181
A21: 20 | G21: 紫 | H21: 255 | I21: 51 | J21: 183 | K21: 204 | L21: 0 | M21: 255 | N21: 0
A22: 21
A23: 22
A24: 23
A25: 24
A26: 25
A27: 26
A28: 27
A29: 28
A30: 29
A31: 30

Sheet 空白模板
A1: 舞名
A2: 歌名
A3: bpm
A5: 染色燈 | O5: 60RC
A6: 編號 | B6: 切換時間 | C6: 淡入時長 | D6: 漸暗時長 | E6: 亮度(%) | F6: 配色 | G6: 效果 | H6: 效果速度(%) | I6: 備註 | O6: # | P6: Fade in(ms) | Q6: Hold(ms) | R6: Fades to black(ms) | S6: LSPA60RC[1-6] Total dimming | T6: LSPA60RC[1-6] Red | U6: LSPA60RC[1-6] Green | V6: LSPA60RC[1-6] Blue | W6: LSPA60RC[1-6] Stroboscopic | X6: LSPA60RC[1-6] Function | Y6: LSPA60RC[1-6] Speed | Z6: Note
A7: 1 | B7: 0 | C7: 0 | D7: 0 | O7: =A7 -> 1 | P7: =INT(C7*24*60*60*1000) -> 0 | Q7: =INT((B8-B7-C7-D7)*24*60*60*1000) -> 0 | R7: =INT(D7*24*60*60*1000) -> 0 | S7: =IF(E7="","",INT(255*(E7/100))) | T7: =IFERROR(VLOOKUP(F7,'(勿動)下拉選單'!G:N,2,FALSE),"") | U7: =IFERROR(VLOOKUP(F7,'(勿動)下拉選單'!G:N,3,FALSE),"") | V7: =IFERROR(VLOOKUP(F7,'(勿動)下拉選單'!G:N,4,FALSE),"") | W7: =IF(G7="頻閃", IF(H7>0,ROUND(256*(H7/100)-1,0),0),"") | X7: =IFERROR(VLOOKUP(G7,'(勿動)下拉選單'!D:F,2,FALSE),"") | Y7: =IF(OR(G7="七彩跳變",G7="七彩漸變",G7="七彩自走"),IF(H7>0,ROUND(256*(H7/100)-1,0),""),"") | Z7: =I7 -> 0
A8: 2 | B8: 0 | C8: 0 | D8: 0 | O8: =A8 -> 2 | P8: =IF(OR(B8>0,C8>0),INT(C8*24*60*60*1000),"") | Q8: =IF(B8>B7,IF(B9<B8,3599999,INT((B9-B8-C8-D8)*24*60*60*1000)),"") | R8: =IF(OR(B8>0,D8>0),INT(D8*24*60*60*1000),"") | S8: =IF(E8="","",INT(255*(E8/100))) | T8: =IFERROR(VLOOKUP(F8,'(勿動)下拉選單'!G:N,2,FALSE),"") | U8: =IFERROR(VLOOKUP(F8,'(勿動)下拉選單'!G:N,3,FALSE),"") | V8: =IFERROR(VLOOKUP(F8,'(勿動)下拉選單'!G:N,4,FALSE),"") | W8: =IF(G8="頻閃", IF(H8>0,ROUND(256*(H8/100)-1,0),0),"") | X8: =IFERROR(VLOOKUP(G8,'(勿動)下拉選單'!D:F,2,FALSE),"") | Y8: =IF(OR(G8="七彩跳變",G8="七彩漸變",G8="七彩自走"),IF(H8>0,ROUND(256*(H8/100)-1,0),""),"") | Z8: =I8 -> 0
A9: 3 | B9: 0 | C9: 0 | D9: 0 | O9: =A9 -> 3 | P9: =IF(OR(B9>0,C9>0),INT(C9*24*60*60*1000),"") | Q9: =IF(B9>B8,IF(B10<B9,3599999,INT((B10-B9-C9-D9)*24*60*60*1000)),"") | R9: =IF(OR(B9>0,D9>0),INT(D9*24*60*60*1000),"") | S9: =IF(E9="","",INT(255*(E9/100))) | T9: =IFERROR(VLOOKUP(F9,'(勿動)下拉選單'!G:N,2,FALSE),"") | U9: =IFERROR(VLOOKUP(F9,'(勿動)下拉選單'!G:N,3,FALSE),"") | V9: =IFERROR(VLOOKUP(F9,'(勿動)下拉選單'!G:N,4,FALSE),"") | W9: =IF(G9="頻閃", IF(H9>0,ROUND(256*(H9/100)-1,0),0),"") | X9: =IFERROR(VLOOKUP(G9,'(勿動)下拉選單'!D:F,2,FALSE),"") | Y9: =IF(OR(G9="七彩跳變",G9="七彩漸變",G9="七彩自走"),IF(H9>0,ROUND(256*(H9/100)-1,0),""),"") | Z9: =I9 -> 0
A10: 4 | B10: 0 | C10: 0 | D10: 0 | O10: =A10 -> 4 | P10: =IF(OR(B10>0,C10>0),INT(C10*24*60*60*1000),"") | Q10: =IF(B10>B9,IF(B11<B10,3599999,INT((B11-B10-C10-D10)*24*60*60*1000)),"") | R10: =IF(OR(B10>0,D10>0),INT(D10*24*60*60*1000),"") | S10: =IF(E10="","",INT(255*(E10/100))) | T10: =IFERROR(VLOOKUP(F10,'(勿動)下拉選單'!G:N,2,FALSE),"") | U10: =IFERROR(VLOOKUP(F10,'(勿動)下拉選單'!G:N,3,FALSE),"") | V10: =IFERROR(VLOOKUP(F10,'(勿動)下拉選單'!G:N,4,FALSE),"") | W10: =IF(G10="頻閃", IF(H10>0,ROUND(256*(H10/100)-1,0),0),"") | X10: =IFERROR(VLOOKUP(G10,'(勿動)下拉選單'!D:F,2,FALSE),"") | Y10: =IF(OR(G10="七彩跳變",G10="七彩漸變",G10="七彩自走"),IF(H10>0,ROUND(256*(H10/100)-1,0),""),"") | Z10: =I10 -> 0
A11: 5 | B11: 0 | C11: 0 | D11: 0 | O11: =A11 -> 5 | P11: =IF(OR(B11>0,C11>0),INT(C11*24*60*60*1000),"") | Q11: =IF(B11>B10,IF(B12<B11,3599999,INT((B12-B11-C11-D11)*24*60*60*1000)),"") | R11: =IF(OR(B11>0,D11>0),INT(D11*24*60*60*1000),"") | S11: =IF(E11="","",INT(255*(E11/100))) | T11: =IFERROR(VLOOKUP(F11,'(勿動)下拉選單'!G:N,2,FALSE),"") | U11: =IFERROR(VLOOKUP(F11,'(勿動)下拉選單'!G:N,3,FALSE),"") | V11: =IFERROR(VLOOKUP(F11,'(勿動)下拉選單'!G:N,4,FALSE),"") | W11: =IF(G11="頻閃", IF(H11>0,ROUND(256*(H11/100)-1,0),0),"") | X11: =IFERROR(VLOOKUP(G11,'(勿動)下拉選單'!D:F,2,FALSE),"") | Y11: =IF(OR(G11="七彩跳變",G11="七彩漸變",G11="七彩自走"),IF(H11>0,ROUND(256*(H11/100)-1,0),""),"") | Z11: =I11 -> 0
A12: 6 | B12: 0 | C12: 0 | D12: 0 | O12: =A12 -> 6 | P12: =IF(OR(B12>0,C12>0),INT(C12*24*60*60*1000),"") | Q12: =IF(B12>B11,IF(B13<B12,3599999,INT((B13-B12-C12-D12)*24*60*60*1000)),"") | R12: =IF(OR(B12>0,D12>0),INT(D12*24*60*60*1000),"") | S12: =IF(E12="","",INT(255*(E12/100))) | T12: =IFERROR(VLOOKUP(F12,'(勿動)下拉選單'!G:N,2,FALSE),"") | U12: =IFERROR(VLOOKUP(F12,'(勿動)下拉選單'!G:N,3,FALSE),"") | V12: =IFERROR(VLOOKUP(F12,'(勿動)下拉選單'!G:N,4,FALSE),"") | W12: =IF(G12="頻閃", IF(H12>0,ROUND(256*(H12/100)-1,0),0),"") | X12: =IFERROR(VLOOKUP(G12,'(勿動)下拉選單'!D:F,2,FALSE),"") | Y12: =IF(OR(G12="七彩跳變",G12="七彩漸變",G12="七彩自走"),IF(H12>0,ROUND(256*(H12/100)-1,0),""),"") | Z12: =I12 -> 0
A13: 7 | B13: 0 | C13: 0 | D13: 0 | O13: =A13 -> 7 | P13: =IF(OR(B13>0,C13>0),INT(C13*24*60*60*1000),"") | Q13: =IF(B13>B12,IF(B14<B13,3599999,INT((B14-B13-C13-D13)*24*60*60*1000)),"") | R13: =IF(OR(B13>0,D13>0),INT(D13*24*60*60*1000),"") | S13: =IF(E13="","",INT(255*(E13/100))) | T13: =IFERROR(VLOOKUP(F13,'(勿動)下拉選單'!G:N,2,FALSE),"") | U13: =IFERROR(VLOOKUP(F13,'(勿動)下拉選單'!G:N,3,FALSE),"") | V13: =IFERROR(VLOOKUP(F13,'(勿動)下拉選單'!G:N,4,FALSE),"") | W13: =IF(G13="頻閃", IF(H13>0,ROUND(256*(H13/100)-1,0),0),"") | X13: =IFERROR(VLOOKUP(G13,'(勿動)下拉選單'!D:F,2,FALSE),"") | Y13: =IF(OR(G13="七彩跳變",G13="七彩漸變",G13="七彩自走"),IF(H13>0,ROUND(256*(H13/100)-1,0),""),"") | Z13: =I13 -> 0
A14: 8 | B14: 0 | C14: 0 | D14: 0 | O14: =A14 -> 8 | P14: =IF(OR(B14>0,C14>0),INT(C14*24*60*60*1000),"") | Q14: =IF(B14>B13,IF(B15<B14,3599999,INT((B15-B14-C14-D14)*24*60*60*1000)),"") | R14: =IF(OR(B14>0,D14>0),INT(D14*24*60*60*1000),"") | S14: =IF(E14="","",INT(255*(E14/100))) | T14: =IFERROR(VLOOKUP(F14,'(勿動)下拉選單'!G:N,2,FALSE),"") | U14: =IFERROR(VLOOKUP(F14,'(勿動)下拉選單'!G:N,3,FALSE),"") | V14: =IFERROR(VLOOKUP(F14,'(勿動)下拉選單'!G:N,4,FALSE),"") | W14: =IF(G14="頻閃", IF(H14>0,ROUND(256*(H14/100)-1,0),0),"") | X14: =IFERROR(VLOOKUP(G14,'(勿動)下拉選單'!D:F,2,FALSE),"") | Y14: =IF(OR(G14="七彩跳變",G14="七彩漸變",G14="七彩自走"),IF(H14>0,ROUND(256*(H14/100)-1,0),""),"") | Z14: =I14 -> 0
A15: 9 | B15: 0 | C15: 0 | D15: 0 | O15: =A15 -> 9 | P15: =IF(OR(B15>0,C15>0),INT(C15*24*60*60*1000),"") | Q15: =IF(B15>B14,IF(B16<B15,3599999,INT((B16-B15-C15-D15)*24*60*60*1000)),"") | R15: =IF(OR(B15>0,D15>0),INT(D15*24*60*60*1000),"") | S15: =IF(E15="","",INT(255*(E15/100))) | T15: =IFERROR(VLOOKUP(F15,'(勿動)下拉選單'!G:N,2,FALSE),"") | U15: =IFERROR(VLOOKUP(F15,'(勿動)下拉選單'!G:N,3,FALSE),"") | V15: =IFERROR(VLOOKUP(F15,'(勿動)下拉選單'!G:N,4,FALSE),"") | W15: =IF(G15="頻閃", IF(H15>0,ROUND(256*(H15/100)-1,0),0),"") | X15: =IFERROR(VLOOKUP(G15,'(勿動)下拉選單'!D:F,2,FALSE),"") | Y15: =IF(OR(G15="七彩跳變",G15="七彩漸變",G15="七彩自走"),IF(H15>0,ROUND(256*(H15/100)-1,0),""),"") | Z15: =I15 -> 0
A16: 10 | B16: 0 | C16: 0 | D16: 0 | O16: =A16 -> 10 | P16: =IF(OR(B16>0,C16>0),INT(C16*24*60*60*1000),"") | Q16: =IF(B16>B15,IF(B17<B16,3599999,INT((B17-B16-C16-D16)*24*60*60*1000)),"") | R16: =IF(OR(B16>0,D16>0),INT(D16*24*60*60*1000),"") | S16: =IF(E16="","",INT(255*(E16/100))) | T16: =IFERROR(VLOOKUP(F16,'(勿動)下拉選單'!G:N,2,FALSE),"") | U16: =IFERROR(VLOOKUP(F16,'(勿動)下拉選單'!G:N,3,FALSE),"") | V16: =IFERROR(VLOOKUP(F16,'(勿動)下拉選單'!G:N,4,FALSE),"") | W16: =IF(G16="頻閃", IF(H16>0,ROUND(256*(H16/100)-1,0),0),"") | X16: =IFERROR(VLOOKUP(G16,'(勿動)下拉選單'!D:F,2,FALSE),"") | Y16: =IF(OR(G16="七彩跳變",G16="七彩漸變",G16="七彩自走"),IF(H16>0,ROUND(256*(H16/100)-1,0),""),"") | Z16: =I16 -> 0
A17: 11 | B17: 0 | C17: 0 | D17: 0 | O17: =A17 -> 11 | P17: =IF(OR(B17>0,C17>0),INT(C17*24*60*60*1000),"") | Q17: =IF(B17>B16,IF(B18<B17,3599999,INT((B18-B17-C17-D17)*24*60*60*1000)),"") | R17: =IF(OR(B17>0,D17>0),INT(D17*24*60*60*1000),"") | S17: =IF(E17="","",INT(255*(E17/100))) | T17: =IFERROR(VLOOKUP(F17,'(勿動)下拉選單'!G:N,2,FALSE),"") | U17: =IFERROR(VLOOKUP(F17,'(勿動)下拉選單'!G:N,3,FALSE),"") | V17: =IFERROR(VLOOKUP(F17,'(勿動)下拉選單'!G:N,4,FALSE),"") | W17: =IF(G17="頻閃", IF(H17>0,ROUND(256*(H17/100)-1,0),0),"") | X17: =IFERROR(VLOOKUP(G17,'(勿動)下拉選單'!D:F,2,FALSE),"") | Y17: =IF(OR(G17="七彩跳變",G17="七彩漸變",G17="七彩自走"),IF(H17>0,ROUND(256*(H17/100)-1,0),""),"") | Z17: =I17 -> 0
A18: 12 | B18: 0 | C18: 0 | D18: 0 | O18: =A18 -> 12 | P18: =IF(OR(B18>0,C18>0),INT(C18*24*60*60*1000),"") | Q18: =IF(B18>B17,IF(B19<B18,3599999,INT((B19-B18-C18-D18)*24*60*60*1000)),"") | R18: =IF(OR(B18>0,D18>0),INT(D18*24*60*60*1000),"") | S18: =IF(E18="","",INT(255*(E18/100))) | T18: =IFERROR(VLOOKUP(F18,'(勿動)下拉選單'!G:N,2,FALSE),"") | U18: =IFERROR(VLOOKUP(F18,'(勿動)下拉選單'!G:N,3,FALSE),"") | V18: =IFERROR(VLOOKUP(F18,'(勿動)下拉選單'!G:N,4,FALSE),"") | W18: =IF(G18="頻閃", IF(H18>0,ROUND(256*(H18/100)-1,0),0),"") | X18: =IFERROR(VLOOKUP(G18,'(勿動)下拉選單'!D:F,2,FALSE),"") | Y18: =IF(OR(G18="七彩跳變",G18="七彩漸變",G18="七彩自走"),IF(H18>0,ROUND(256*(H18/100)-1,0),""),"") | Z18: =I18 -> 0
A19: 13 | B19: 0 | C19: 0 | D19: 0 | O19: =A19 -> 13 | P19: =IF(OR(B19>0,C19>0),INT(C19*24*60*60*1000),"") | Q19: =IF(B19>B18,IF(B20<B19,3599999,INT((B20-B19-C19-D19)*24*60*60*1000)),"") | R19: =IF(OR(B19>0,D19>0),INT(D19*24*60*60*1000),"") | S19: =IF(E19="","",INT(255*(E19/100))) | T19: =IFERROR(VLOOKUP(F19,'(勿動)下拉選單'!G:N,2,FALSE),"") | U19: =IFERROR(VLOOKUP(F19,'(勿動)下拉選單'!G:N,3,FALSE),"") | V19: =IFERROR(VLOOKUP(F19,'(勿動)下拉選單'!G:N,4,FALSE),"") | W19: =IF(G19="頻閃", IF(H19>0,ROUND(256*(H19/100)-1,0),0),"") | X19: =IFERROR(VLOOKUP(G19,'(勿動)下拉選單'!D:F,2,FALSE),"") | Y19: =IF(OR(G19="七彩跳變",G19="七彩漸變",G19="七彩自走"),IF(H19>0,ROUND(256*(H19/100)-1,0),""),"") | Z19: =I19 -> 0
... A36: 30 | B36: 0 | C36: 0 | D36: 0 | O36: =A36 -> 30 | P36: =IF(OR(B36>0,C36>0),INT(C36*24*60*60*1000),"") | Q36: =IF(B36>B35,IF(B37<B36,3599999,INT((B37-B36-C36-D36)*24*60*60*1000)),"") | R36: =IF(OR(B36>0,D36>0),INT(D36*24*60*60*1000),"") | S36: =IF(E36="","",INT(255*(E36/100))) | T36: =IFERROR(VLOOKUP(F36,'(勿動)下拉選單'!G:N,2,FALSE),"") | U36: =IFERROR(VLOOKUP(F36,'(勿動)下拉選單'!G:N,3,FALSE),"") | V36: =IFERROR(VLOOKUP(F36,'(勿動)下拉選單'!G:N,4,FALSE),"") | W36: =IF(G36="頻閃", IF(H36>0,ROUND(256*(H36/100)-1,0),0),"") | X36: =IFERROR(VLOOKUP(G36,'(勿動)下拉選單'!D:F,2,FALSE),"") | Y36: =IF(OR(G36="七彩跳變",G36="七彩漸變",G36="七彩自走"),IF(H36>0,ROUND(256*(H36/100)-1,0),""),"") | Z36: =I36 -> 0
A39: 面光燈 | E39: 左台面光燈 | I39: 右台面光燈 | O39: ER554
A40: 編號 | B40: 切換時間 | C40: 淡入時長 | D40: 漸暗時長 | E40: 亮度(%) | F40: 配色 | G40: 效果 | H40: 效果速度(%) | I40: 亮度(%) | J40: 配色 | K40: 效果 | L40: 效果速度(%) | M40: 備註 | O40: # | P40: Fade in(ms) | Q40: Hold(ms) | R40: Fades to black(ms) | S40: ER-554[0] Total dimming | T40: ER-554[0] Red | U40: ER-554[0] Green | V40: ER-554[0] Blue | W40: ER-554[0] White | X40: ER-554[0] Stroboscopic | Y40: ER-554[0] Function | Z40: ER-554[0] Speed | AA40: ER-554[1] Total dimming | AB40: ER-554[1] Red | AC40: ER-554[1] Green | AD40: ER-554[1] Blue | AE40: ER-554[1] White | AF40: ER-554[1] Stroboscopic | AG40: ER-554[1] Function | AH40: ER-554[1] Speed | AI40: Note
A41: 1 | B41: 0 | C41: 0 | D41: 0 | O41: =A41 -> 1 | P41: =INT(C41*24*60*60*1000) -> 0 | Q41: =INT((B42-B41-C41-D41)*24*60*60*1000) -> 0 | R41: =INT(D41*24*60*60*1000) -> 0 | S41: =IF(E41="","",INT(255*(E41/100))) | T41: =IFERROR(VLOOKUP(F41,'(勿動)下拉選單'!G:N,5,FALSE),"") | U41: =IFERROR(VLOOKUP(F41,'(勿動)下拉選單'!G:N,6,FALSE),"") | V41: =IFERROR(VLOOKUP(F41,'(勿動)下拉選單'!G:N,7,FALSE),"") | W41: =IFERROR(VLOOKUP(F41,'(勿動)下拉選單'!G:N,8,FALSE),"") | X41: =IF(G41="頻閃", IF(H41>0,ROUND(256*(H41/100)-1,0),0),"") | Y41: =IFERROR(VLOOKUP(G41,'(勿動)下拉選單'!D:F,3,FALSE),"") | Z41: =IF(OR(G41="七彩跳變",G41="七彩漸變",G41="七彩自走"),IF(H41>0,ROUND(256*(H41/100)-1,0),""),"") | AA41: =IF(I41="","",INT(255*(I41/100))) | AB41: =IFERROR(VLOOKUP(J41,'(勿動)下拉選單'!G:N,5,FALSE),"") | AC41: =IFERROR(VLOOKUP(J41,'(勿動)下拉選單'!G:N,6,FALSE),"") | AD41: =IFERROR(VLOOKUP(J41,'(勿動)下拉選單'!G:N,7,FALSE),"") | AE41: =IFERROR(VLOOKUP(J41,'(勿動)下拉選單'!G:N,8,FALSE),"") | AF41: =IF(K41="頻閃", IF(L41>0,ROUND(256*(L41/100)-1,0),0),"") | AG41: =IFERROR(VLOOKUP(K41,'(勿動)下拉選單'!D:F,3,FALSE),"") | AH41: =IF(OR(K41="七彩跳變",K41="七彩漸變",K41="七彩自走"),IF(L41>0,ROUND(256*(L41/100)-1,0),""),"") | AI41: =M41 -> 0
A42: 2 | B42: 0 | C42: 0 | D42: 0 | O42: =A42 -> 2 | P42: =IF(OR(B42>0,C42>0),INT(C42*24*60*60*1000),"") | Q42: =IF(B42>B41,IF(B43<B42,3599999,INT((B43-B42-C42-D42)*24*60*60*1000)),"") | R42: =IF(OR(B42>0,D42>0),INT(D42*24*60*60*1000),"") | S42: =IF(E42="","",INT(255*(E42/100))) | T42: =IFERROR(VLOOKUP(F42,'(勿動)下拉選單'!G:N,5,FALSE),"") | U42: =IFERROR(VLOOKUP(F42,'(勿動)下拉選單'!G:N,6,FALSE),"") | V42: =IFERROR(VLOOKUP(F42,'(勿動)下拉選單'!G:N,7,FALSE),"") | W42: =IFERROR(VLOOKUP(F42,'(勿動)下拉選單'!G:N,8,FALSE),"") | X42: =IF(G42="頻閃", IF(H42>0,ROUND(256*(H42/100)-1,0),0),"") | Y42: =IFERROR(VLOOKUP(G42,'(勿動)下拉選單'!D:F,3,FALSE),"") | Z42: =IF(OR(G42="七彩跳變",G42="七彩漸變",G42="七彩自走"),IF(H42>0,ROUND(256*(H42/100)-1,0),""),"") | AA42: =IF(I42="","",INT(255*(I42/100))) | AB42: =IFERROR(VLOOKUP(J42,'(勿動)下拉選單'!G:N,5,FALSE),"") | AC42: =IFERROR(VLOOKUP(J42,'(勿動)下拉選單'!G:N,6,FALSE),"") | AD42: =IFERROR(VLOOKUP(J42,'(勿動)下拉選單'!G:N,7,FALSE),"") | AE42: =IFERROR(VLOOKUP(J42,'(勿動)下拉選單'!G:N,8,FALSE),"") | AF42: =IF(K42="頻閃", IF(L42>0,ROUND(256*(L42/100)-1,0),0),"") | AG42: =IFERROR(VLOOKUP(K42,'(勿動)下拉選單'!D:F,3,FALSE),"") | AH42: =IF(OR(K42="七彩跳變",K42="七彩漸變",K42="七彩自走"),IF(L42>0,ROUND(256*(L42/100)-1,0),""),"") | AI42: =M42 -> 0
A43: 3 | B43: 0 | C43: 0 | D43: 0 | O43: =A43 -> 3 | P43: =IF(OR(B43>0,C43>0),INT(C43*24*60*60*1000),"") | Q43: =IF(B43>B42,IF(B44<B43,3599999,INT((B44-B43-C43-D43)*24*60*60*1000)),"") | R43: =IF(OR(B43>0,D43>0),INT(D43*24*60*60*1000),"") | S43: =IF(E43="","",INT(255*(E43/100))) | T43: =IFERROR(VLOOKUP(F43,'(勿動)下拉選單'!G:N,5,FALSE),"") | U43: =IFERROR(VLOOKUP(F43,'(勿動)下拉選單'!G:N,6,FALSE),"") | V43: =IFERROR(VLOOKUP(F43,'(勿動)下拉選單'!G:N,7,FALSE),"") | W43: =IFERROR(VLOOKUP(F43,'(勿動)下拉選單'!G:N,8,FALSE),"") | X43: =IF(G43="頻閃", IF(H43>0,ROUND(256*(H43/100)-1,0),0),"") | Y43: =IFERROR(VLOOKUP(G43,'(勿動)下拉選單'!D:F,3,FALSE),"") | Z43: =IF(OR(G43="七彩跳變",G43="七彩漸變",G43="七彩自走"),IF(H43>0,ROUND(256*(H43/100)-1,0),""),"") | AA43: =IF(I43="","",INT(255*(I43/100))) | AB43: =IFERROR(VLOOKUP(J43,'(勿動)下拉選單'!G:N,5,FALSE),"") | AC43: =IFERROR(VLOOKUP(J43,'(勿動)下拉選單'!G:N,6,FALSE),"") | AD43: =IFERROR(VLOOKUP(J43,'(勿動)下拉選單'!G:N,7,FALSE),"") | AE43: =IFERROR(VLOOKUP(J43,'(勿動)下拉選單'!G:N,8,FALSE),"") | AF43: =IF(K43="頻閃", IF(L43>0,ROUND(256*(L43/100)-1,0),0),"") | AG43: =IFERROR(VLOOKUP(K43,'(勿動)下拉選單'!D:F,3,FALSE),"") | AH43: =IF(OR(K43="七彩跳變",K43="七彩漸變",K43="七彩自走"),IF(L43>0,ROUND(256*(L43/100)-1,0),""),"") | AI43: =M43 -> 0
A44: 4 | B44: 0 | C44: 0 | D44: 0 | O44: =A44 -> 4 | P44: =IF(OR(B44>0,C44>0),INT(C44*24*60*60*1000),"") | Q44: =IF(B44>B43,IF(B45<B44,3599999,INT((B45-B44-C44-D44)*24*60*60*1000)),"") | R44: =IF(OR(B44>0,D44>0),INT(D44*24*60*60*1000),"") | S44: =IF(E44="","",INT(255*(E44/100))) | T44: =IFERROR(VLOOKUP(F44,'(勿動)下拉選單'!G:N,5,FALSE),"") | U44: =IFERROR(VLOOKUP(F44,'(勿動)下拉選單'!G:N,6,FALSE),"") | V44: =IFERROR(VLOOKUP(F44,'(勿動)下拉選單'!G:N,7,FALSE),"") | W44: =IFERROR(VLOOKUP(F44,'(勿動)下拉選單'!G:N,8,FALSE),"") | X44: =IF(G44="頻閃", IF(H44>0,ROUND(256*(H44/100)-1,0),0),"") | Y44: =IFERROR(VLOOKUP(G44,'(勿動)下拉選單'!D:F,3,FALSE),"") | Z44: =IF(OR(G44="七彩跳變",G44="七彩漸變",G44="七彩自走"),IF(H44>0,ROUND(256*(H44/100)-1,0),""),"") | AA44: =IF(I44="","",INT(255*(I44/100))) | AB44: =IFERROR(VLOOKUP(J44,'(勿動)下拉選單'!G:N,5,FALSE),"") | AC44: =IFERROR(VLOOKUP(J44,'(勿動)下拉選單'!G:N,6,FALSE),"") | AD44: =IFERROR(VLOOKUP(J44,'(勿動)下拉選單'!G:N,7,FALSE),"") | AE44: =IFERROR(VLOOKUP(J44,'(勿動)下拉選單'!G:N,8,FALSE),"") | AF44: =IF(K44="頻閃", IF(L44>0,ROUND(256*(L44/100)-1,0),0),"") | AG44: =IFERROR(VLOOKUP(K44,'(勿動)下拉選單'!D:F,3,FALSE),"") | AH44: =IF(OR(K44="七彩跳變",K44="七彩漸變",K44="七彩自走"),IF(L44>0,ROUND(256*(L44/100)-1,0),""),"") | AI44: =M44 -> 0
A45: 5 | B45: 0 | C45: 0 | D45: 0 | O45: =A45 -> 5 | P45: =IF(OR(B45>0,C45>0),INT(C45*24*60*60*1000),"") | Q45: =IF(B45>B44,IF(B46<B45,3599999,INT((B46-B45-C45-D45)*24*60*60*1000)),"") | R45: =IF(OR(B45>0,D45>0),INT(D45*24*60*60*1000),"") | S45: =IF(E45="","",INT(255*(E45/100))) | T45: =IFERROR(VLOOKUP(F45,'(勿動)下拉選單'!G:N,5,FALSE),"") | U45: =IFERROR(VLOOKUP(F45,'(勿動)下拉選單'!G:N,6,FALSE),"") | V45: =IFERROR(VLOOKUP(F45,'(勿動)下拉選單'!G:N,7,FALSE),"") | W45: =IFERROR(VLOOKUP(F45,'(勿動)下拉選單'!G:N,8,FALSE),"") | X45: =IF(G45="頻閃", IF(H45>0,ROUND(256*(H45/100)-1,0),0),"") | Y45: =IFERROR(VLOOKUP(G45,'(勿動)下拉選單'!D:F,3,FALSE),"") | Z45: =IF(OR(G45="七彩跳變",G45="七彩漸變",G45="七彩自走"),IF(H45>0,ROUND(256*(H45/100)-1,0),""),"") | AA45: =IF(I45="","",INT(255*(I45/100))) | AB45: =IFERROR(VLOOKUP(J45,'(勿動)下拉選單'!G:N,5,FALSE),"") | AC45: =IFERROR(VLOOKUP(J45,'(勿動)下拉選單'!G:N,6,FALSE),"") | AD45: =IFERROR(VLOOKUP(J45,'(勿動)下拉選單'!G:N,7,FALSE),"") | AE45: =IFERROR(VLOOKUP(J45,'(勿動)下拉選單'!G:N,8,FALSE),"") | AF45: =IF(K45="頻閃", IF(L45>0,ROUND(256*(L45/100)-1,0),0),"") | AG45: =IFERROR(VLOOKUP(K45,'(勿動)下拉選單'!D:F,3,FALSE),"") | AH45: =IF(OR(K45="七彩跳變",K45="七彩漸變",K45="七彩自走"),IF(L45>0,ROUND(256*(L45/100)-1,0),""),"") | AI45: =M45 -> 0
A46: 6 | B46: 0 | C46: 0 | D46: 0 | O46: =A46 -> 6 | P46: =IF(OR(B46>0,C46>0),INT(C46*24*60*60*1000),"") | Q46: =IF(B46>B45,IF(B47<B46,3599999,INT((B47-B46-C46-D46)*24*60*60*1000)),"") | R46: =IF(OR(B46>0,D46>0),INT(D46*24*60*60*1000),"") | S46: =IF(E46="","",INT(255*(E46/100))) | T46: =IFERROR(VLOOKUP(F46,'(勿動)下拉選單'!G:N,5,FALSE),"") | U46: =IFERROR(VLOOKUP(F46,'(勿動)下拉選單'!G:N,6,FALSE),"") | V46: =IFERROR(VLOOKUP(F46,'(勿動)下拉選單'!G:N,7,FALSE),"") | W46: =IFERROR(VLOOKUP(F46,'(勿動)下拉選單'!G:N,8,FALSE),"") | X46: =IF(G46="頻閃", IF(H46>0,ROUND(256*(H46/100)-1,0),0),"") | Y46: =IFERROR(VLOOKUP(G46,'(勿動)下拉選單'!D:F,3,FALSE),"") | Z46: =IF(OR(G46="七彩跳變",G46="七彩漸變",G46="七彩自走"),IF(H46>0,ROUND(256*(H46/100)-1,0),""),"") | AA46: =IF(I46="","",INT(255*(I46/100))) | AB46: =IFERROR(VLOOKUP(J46,'(勿動)下拉選單'!G:N,5,FALSE),"") | AC46: =IFERROR(VLOOKUP(J46,'(勿動)下拉選單'!G:N,6,FALSE),"") | AD46: =IFERROR(VLOOKUP(J46,'(勿動)下拉選單'!G:N,7,FALSE),"") | AE46: =IFERROR(VLOOKUP(J46,'(勿動)下拉選單'!G:N,8,FALSE),"") | AF46: =IF(K46="頻閃", IF(L46>0,ROUND(256*(L46/100)-1,0),0),"") | AG46: =IFERROR(VLOOKUP(K46,'(勿動)下拉選單'!D:F,3,FALSE),"") | AH46: =IF(OR(K46="七彩跳變",K46="七彩漸變",K46="七彩自走"),IF(L46>0,ROUND(256*(L46/100)-1,0),""),"") | AI46: =M46 -> 0
A47: 7 | B47: 0 | C47: 0 | D47: 0 | O47: =A47 -> 7 | P47: =IF(OR(B47>0,C47>0),INT(C47*24*60*60*1000),"") | Q47: =IF(B47>B46,IF(B48<B47,3599999,INT((B48-B47-C47-D47)*24*60*60*1000)),"") | R47: =IF(OR(B47>0,D47>0),INT(D47*24*60*60*1000),"") | S47: =IF(E47="","",INT(255*(E47/100))) | T47: =IFERROR(VLOOKUP(F47,'(勿動)下拉選單'!G:N,5,FALSE),"") | U47: =IFERROR(VLOOKUP(F47,'(勿動)下拉選單'!G:N,6,FALSE),"") | V47: =IFERROR(VLOOKUP(F47,'(勿動)下拉選單'!G:N,7,FALSE),"") | W47: =IFERROR(VLOOKUP(F47,'(勿動)下拉選單'!G:N,8,FALSE),"") | X47: =IF(G47="頻閃", IF(H47>0,ROUND(256*(H47/100)-1,0),0),"") | Y47: =IFERROR(VLOOKUP(G47,'(勿動)下拉選單'!D:F,3,FALSE),"") | Z47: =IF(OR(G47="七彩跳變",G47="七彩漸變",G47="七彩自走"),IF(H47>0,ROUND(256*(H47/100)-1,0),""),"") | AA47: =IF(I47="","",INT(255*(I47/100))) | AB47: =IFERROR(VLOOKUP(J47,'(勿動)下拉選單'!G:N,5,FALSE),"") | AC47: =IFERROR(VLOOKUP(J47,'(勿動)下拉選單'!G:N,6,FALSE),"") | AD47: =IFERROR(VLOOKUP(J47,'(勿動)下拉選單'!G:N,7,FALSE),"") | AE47: =IFERROR(VLOOKUP(J47,'(勿動)下拉選單'!G:N,8,FALSE),"") | AF47: =IF(K47="頻閃", IF(L47>0,ROUND(256*(L47/100)-1,0),0),"") | AG47: =IFERROR(VLOOKUP(K47,'(勿動)下拉選單'!D:F,3,FALSE),"") | AH47: =IF(OR(K47="七彩跳變",K47="七彩漸變",K47="七彩自走"),IF(L47>0,ROUND(256*(L47/100)-1,0),""),"") | AI47: =M47 -> 0
A48: 8 | B48: 0 | C48: 0 | D48: 0 | O48: =A48 -> 8 | P48: =IF(OR(B48>0,C48>0),INT(C48*24*60*60*1000),"") | Q48: =IF(B48>B47,IF(B49<B48,3599999,INT((B49-B48-C48-D48)*24*60*60*1000)),"") | R48: =IF(OR(B48>0,D48>0),INT(D48*24*60*60*1000),"") | S48: =IF(E48="","",INT(255*(E48/100))) | T48: =IFERROR(VLOOKUP(F48,'(勿動)下拉選單'!G:N,5,FALSE),"") | U48: =IFERROR(VLOOKUP(F48,'(勿動)下拉選單'!G:N,6,FALSE),"") | V48: =IFERROR(VLOOKUP(F48,'(勿動)下拉選單'!G:N,7,FALSE),"") | W48: =IFERROR(VLOOKUP(F48,'(勿動)下拉選單'!G:N,8,FALSE),"") | X48: =IF(G48="頻閃", IF(H48>0,ROUND(256*(H48/100)-1,0),0),"") | Y48: =IFERROR(VLOOKUP(G48,'(勿動)下拉選單'!D:F,3,FALSE),"") | Z48: =IF(OR(G48="七彩跳變",G48="七彩漸變",G48="七彩自走"),IF(H48>0,ROUND(256*(H48/100)-1,0),""),"") | AA48: =IF(I48="","",INT(255*(I48/100))) | AB48: =IFERROR(VLOOKUP(J48,'(勿動)下拉選單'!G:N,5,FALSE),"") | AC48: =IFERROR(VLOOKUP(J48,'(勿動)下拉選單'!G:N,6,FALSE),"") | AD48: =IFERROR(VLOOKUP(J48,'(勿動)下拉選單'!G:N,7,FALSE),"") | AE48: =IFERROR(VLOOKUP(J48,'(勿動)下拉選單'!G:N,8,FALSE),"") | AF48: =IF(K48="頻閃", IF(L48>0,ROUND(256*(L48/100)-1,0),0),"") | AG48: =IFERROR(VLOOKUP(K48,'(勿動)下拉選單'!D:F,3,FALSE),"") | AH48: =IF(OR(K48="七彩跳變",K48="七彩漸變",K48="七彩自走"),IF(L48>0,ROUND(256*(L48/100)-1,0),""),"") | AI48: =M48 -> 0
A49: 9 | B49: 0 | C49: 0 | D49: 0 | O49: =A49 -> 9 | P49: =IF(OR(B49>0,C49>0),INT(C49*24*60*60*1000),"") | Q49: =IF(B49>B48,IF(B50<B49,3599999,INT((B50-B49-C49-D49)*24*60*60*1000)),"") | R49: =IF(OR(B49>0,D49>0),INT(D49*24*60*60*1000),"") | S49: =IF(E49="","",INT(255*(E49/100))) | T49: =IFERROR(VLOOKUP(F49,'(勿動)下拉選單'!G:N,5,FALSE),"") | U49: =IFERROR(VLOOKUP(F49,'(勿動)下拉選單'!G:N,6,FALSE),"") | V49: =IFERROR(VLOOKUP(F49,'(勿動)下拉選單'!G:N,7,FALSE),"") | W49: =IFERROR(VLOOKUP(F49,'(勿動)下拉選單'!G:N,8,FALSE),"") | X49: =IF(G49="頻閃", IF(H49>0,ROUND(256*(H49/100)-1,0),0),"") | Y49: =IFERROR(VLOOKUP(G49,'(勿動)下拉選單'!D:F,3,FALSE),"") | Z49: =IF(OR(G49="七彩跳變",G49="七彩漸變",G49="七彩自走"),IF(H49>0,ROUND(256*(H49/100)-1,0),""),"") | AA49: =IF(I49="","",INT(255*(I49/100))) | AB49: =IFERROR(VLOOKUP(J49,'(勿動)下拉選單'!G:N,5,FALSE),"") | AC49: =IFERROR(VLOOKUP(J49,'(勿動)下拉選單'!G:N,6,FALSE),"") | AD49: =IFERROR(VLOOKUP(J49,'(勿動)下拉選單'!G:N,7,FALSE),"") | AE49: =IFERROR(VLOOKUP(J49,'(勿動)下拉選單'!G:N,8,FALSE),"") | AF49: =IF(K49="頻閃", IF(L49>0,ROUND(256*(L49/100)-1,0),0),"") | AG49: =IFERROR(VLOOKUP(K49,'(勿動)下拉選單'!D:F,3,FALSE),"") | AH49: =IF(OR(K49="七彩跳變",K49="七彩漸變",K49="七彩自走"),IF(L49>0,ROUND(256*(L49/100)-1,0),""),"") | AI49: =M49 -> 0
A50: 10 | B50: 0 | C50: 0 | D50: 0 | O50: =A50 -> 10 | P50: =IF(OR(B50>0,C50>0),INT(C50*24*60*60*1000),"") | Q50: =IF(B50>B49,IF(B51<B50,3599999,INT((B51-B50-C50-D50)*24*60*60*1000)),"") | R50: =IF(OR(B50>0,D50>0),INT(D50*24*60*60*1000),"") | S50: =IF(E50="","",INT(255*(E50/100))) | T50: =IFERROR(VLOOKUP(F50,'(勿動)下拉選單'!G:N,5,FALSE),"") | U50: =IFERROR(VLOOKUP(F50,'(勿動)下拉選單'!G:N,6,FALSE),"") | V50: =IFERROR(VLOOKUP(F50,'(勿動)下拉選單'!G:N,7,FALSE),"") | W50: =IFERROR(VLOOKUP(F50,'(勿動)下拉選單'!G:N,8,FALSE),"") | X50: =IF(G50="頻閃", IF(H50>0,ROUND(256*(H50/100)-1,0),0),"") | Y50: =IFERROR(VLOOKUP(G50,'(勿動)下拉選單'!D:F,3,FALSE),"") | Z50: =IF(OR(G50="七彩跳變",G50="七彩漸變",G50="七彩自走"),IF(H50>0,ROUND(256*(H50/100)-1,0),""),"") | AA50: =IF(I50="","",INT(255*(I50/100))) | AB50: =IFERROR(VLOOKUP(J50,'(勿動)下拉選單'!G:N,5,FALSE),"") | AC50: =IFERROR(VLOOKUP(J50,'(勿動)下拉選單'!G:N,6,FALSE),"") | AD50: =IFERROR(VLOOKUP(J50,'(勿動)下拉選單'!G:N,7,FALSE),"") | AE50: =IFERROR(VLOOKUP(J50,'(勿動)下拉選單'!G:N,8,FALSE),"") | AF50: =IF(K50="頻閃", IF(L50>0,ROUND(256*(L50/100)-1,0),0),"") | AG50: =IFERROR(VLOOKUP(K50,'(勿動)下拉選單'!D:F,3,FALSE),"") | AH50: =IF(OR(K50="七彩跳變",K50="七彩漸變",K50="七彩自走"),IF(L50>0,ROUND(256*(L50/100)-1,0),""),"") | AI50: =M50 -> 0
A51: 11 | B51: 0 | C51: 0 | D51: 0 | O51: =A51 -> 11 | P51: =IF(OR(B51>0,C51>0),INT(C51*24*60*60*1000),"") | Q51: =IF(B51>B50,IF(B52<B51,3599999,INT((B52-B51-C51-D51)*24*60*60*1000)),"") | R51: =IF(OR(B51>0,D51>0),INT(D51*24*60*60*1000),"") | S51: =IF(E51="","",INT(255*(E51/100))) | T51: =IFERROR(VLOOKUP(F51,'(勿動)下拉選單'!G:N,5,FALSE),"") | U51: =IFERROR(VLOOKUP(F51,'(勿動)下拉選單'!G:N,6,FALSE),"") | V51: =IFERROR(VLOOKUP(F51,'(勿動)下拉選單'!G:N,7,FALSE),"") | W51: =IFERROR(VLOOKUP(F51,'(勿動)下拉選單'!G:N,8,FALSE),"") | X51: =IF(G51="頻閃", IF(H51>0,ROUND(256*(H51/100)-1,0),0),"") | Y51: =IFERROR(VLOOKUP(G51,'(勿動)下拉選單'!D:F,3,FALSE),"") | Z51: =IF(OR(G51="七彩跳變",G51="七彩漸變",G51="七彩自走"),IF(H51>0,ROUND(256*(H51/100)-1,0),""),"") | AA51: =IF(I51="","",INT(255*(I51/100))) | AB51: =IFERROR(VLOOKUP(J51,'(勿動)下拉選單'!G:N,5,FALSE),"") | AC51: =IFERROR(VLOOKUP(J51,'(勿動)下拉選單'!G:N,6,FALSE),"") | AD51: =IFERROR(VLOOKUP(J51,'(勿動)下拉選單'!G:N,7,FALSE),"") | AE51: =IFERROR(VLOOKUP(J51,'(勿動)下拉選單'!G:N,8,FALSE),"") | AF51: =IF(K51="頻閃", IF(L51>0,ROUND(256*(L51/100)-1,0),0),"") | AG51: =IFERROR(VLOOKUP(K51,'(勿動)下拉選單'!D:F,3,FALSE),"") | AH51: =IF(OR(K51="七彩跳變",K51="七彩漸變",K51="七彩自走"),IF(L51>0,ROUND(256*(L51/100)-1,0),""),"") | AI51: =M51 -> 0
A52: 12 | B52: 0 | C52: 0 | D52: 0 | O52: =A52 -> 12 | P52: =IF(OR(B52>0,C52>0),INT(C52*24*60*60*1000),"") | Q52: =IF(B52>B51,IF(B53<B52,3599999,INT((B53-B52-C52-D52)*24*60*60*1000)),"") | R52: =IF(OR(B52>0,D52>0),INT(D52*24*60*60*1000),"") | S52: =IF(E52="","",INT(255*(E52/100))) | T52: =IFERROR(VLOOKUP(F52,'(勿動)下拉選單'!G:N,5,FALSE),"") | U52: =IFERROR(VLOOKUP(F52,'(勿動)下拉選單'!G:N,6,FALSE),"") | V52: =IFERROR(VLOOKUP(F52,'(勿動)下拉選單'!G:N,7,FALSE),"") | W52: =IFERROR(VLOOKUP(F52,'(勿動)下拉選單'!G:N,8,FALSE),"") | X52: =IF(G52="頻閃", IF(H52>0,ROUND(256*(H52/100)-1,0),0),"") | Y52: =IFERROR(VLOOKUP(G52,'(勿動)下拉選單'!D:F,3,FALSE),"") | Z52: =IF(OR(G52="七彩跳變",G52="七彩漸變",G52="七彩自走"),IF(H52>0,ROUND(256*(H52/100)-1,0),""),"") | AA52: =IF(I52="","",INT(255*(I52/100))) | AB52: =IFERROR(VLOOKUP(J52,'(勿動)下拉選單'!G:N,5,FALSE),"") | AC52: =IFERROR(VLOOKUP(J52,'(勿動)下拉選單'!G:N,6,FALSE),"") | AD52: =IFERROR(VLOOKUP(J52,'(勿動)下拉選單'!G:N,7,FALSE),"") | AE52: =IFERROR(VLOOKUP(J52,'(勿動)下拉選單'!G:N,8,FALSE),"") | AF52: =IF(K52="頻閃", IF(L52>0,ROUND(256*(L52/100)-1,0),0),"") | AG52: =IFERROR(VLOOKUP(K52,'(勿動)下拉選單'!D:F,3,FALSE),"") | AH52: =IF(OR(K52="七彩跳變",K52="七彩漸變",K52="七彩自走"),IF(L52>0,ROUND(256*(L52/100)-1,0),""),"") | AI52: =M52 -> 0
A53: 13 | B53: 0 | C53: 0 | D53: 0 | O53: =A53 -> 13 | P53: =IF(OR(B53>0,C53>0),INT(C53*24*60*60*1000),"") | Q53: =IF(B53>B52,IF(B54<B53,3599999,INT((B54-B53-C53-D53)*24*60*60*1000)),"") | R53: =IF(OR(B53>0,D53>0),INT(D53*24*60*60*1000),"") | S53: =IF(E53="","",INT(255*(E53/100))) | T53: =IFERROR(VLOOKUP(F53,'(勿動)下拉選單'!G:N,5,FALSE),"") | U53: =IFERROR(VLOOKUP(F53,'(勿動)下拉選單'!G:N,6,FALSE),"") | V53: =IFERROR(VLOOKUP(F53,'(勿動)下拉選單'!G:N,7,FALSE),"") | W53: =IFERROR(VLOOKUP(F53,'(勿動)下拉選單'!G:N,8,FALSE),"") | X53: =IF(G53="頻閃", IF(H53>0,ROUND(256*(H53/100)-1,0),0),"") | Y53: =IFERROR(VLOOKUP(G53,'(勿動)下拉選單'!D:F,3,FALSE),"") | Z53: =IF(OR(G53="七彩跳變",G53="七彩漸變",G53="七彩自走"),IF(H53>0,ROUND(256*(H53/100)-1,0),""),"") | AA53: =IF(I53="","",INT(255*(I53/100))) | AB53: =IFERROR(VLOOKUP(J53,'(勿動)下拉選單'!G:N,5,FALSE),"") | AC53: =IFERROR(VLOOKUP(J53,'(勿動)下拉選單'!G:N,6,FALSE),"") | AD53: =IFERROR(VLOOKUP(J53,'(勿動)下拉選單'!G:N,7,FALSE),"") | AE53: =IFERROR(VLOOKUP(J53,'(勿動)下拉選單'!G:N,8,FALSE),"") | AF53: =IF(K53="頻閃", IF(L53>0,ROUND(256*(L53/100)-1,0),0),"") | AG53: =IFERROR(VLOOKUP(K53,'(勿動)下拉選單'!D:F,3,FALSE),"") | AH53: =IF(OR(K53="七彩跳變",K53="七彩漸變",K53="七彩自走"),IF(L53>0,ROUND(256*(L53/100)-1,0),""),"") | AI53: =M53 -> 0
... A70: 30 | B70: 0 | C70: 0 | D70: 0 | O70: =A70 -> 30 | P70: =IF(OR(B70>0,C70>0),INT(C70*24*60*60*1000),"") | Q70: =IF(B70>B69,IF(B71<B70,3599999,INT((B71-B70-C70-D70)*24*60*60*1000)),"") | R70: =IF(OR(B70>0,D70>0),INT(D70*24*60*60*1000),"") | S70: =IF(E70="","",INT(255*(E70/100))) | T70: =IFERROR(VLOOKUP(F70,'(勿動)下拉選單'!G:N,5,FALSE),"") | U70: =IFERROR(VLOOKUP(F70,'(勿動)下拉選單'!G:N,6,FALSE),"") | V70: =IFERROR(VLOOKUP(F70,'(勿動)下拉選單'!G:N,7,FALSE),"") | W70: =IFERROR(VLOOKUP(F70,'(勿動)下拉選單'!G:N,8,FALSE),"") | X70: =IF(G70="頻閃", IF(H70>0,ROUND(256*(H70/100)-1,0),0),"") | Y70: =IFERROR(VLOOKUP(G70,'(勿動)下拉選單'!D:F,3,FALSE),"") | Z70: =IF(OR(G70="七彩跳變",G70="七彩漸變",G70="七彩自走"),IF(H70>0,ROUND(256*(H70/100)-1,0),""),"") | AA70: =IF(I70="","",INT(255*(I70/100))) | AB70: =IFERROR(VLOOKUP(J70,'(勿動)下拉選單'!G:N,5,FALSE),"") | AC70: =IFERROR(VLOOKUP(J70,'(勿動)下拉選單'!G:N,6,FALSE),"") | AD70: =IFERROR(VLOOKUP(J70,'(勿動)下拉選單'!G:N,7,FALSE),"") | AE70: =IFERROR(VLOOKUP(J70,'(勿動)下拉選單'!G:N,8,FALSE),"") | AF70: =IF(K70="頻閃", IF(L70>0,ROUND(256*(L70/100)-1,0),0),"") | AG70: =IFERROR(VLOOKUP(K70,'(勿動)下拉選單'!D:F,3,FALSE),"") | AH70: =IF(OR(K70="七彩跳變",K70="七彩漸變",K70="七彩自走"),IF(L70>0,ROUND(256*(L70/100)-1,0),""),"") | AI70: =M70 -> 0
